{"cameraMode":{"drawMode":0,"name":"Shaded","section":"Shading Mode"},"sceneLighting":false,"audioPlay":false,"sceneViewState":{"m_AlwaysRefresh":false,"showFog":true,"showSkybox":false,"showFlares":true,"showImageEffects":true,"showParticleSystems":true,"showVisualEffectGraphs":true,"m_FxEnabled":true},"in2DMode":false,"pivot":{"x":-0.018970489501953126,"y":1.7609529495239258,"z":5.333381652832031},"rotation":{"x":0.2809585928916931,"y":-0.6626023054122925,"z":0.2965555191040039,"w":0.6277554631233215},"size":2.8311562538146974,"orthographic":false}