{"cameraMode":{"drawMode":0,"name":"Shaded","section":"Shading Mode"},"sceneLighting":false,"audioPlay":false,"sceneViewState":{"m_AlwaysRefresh":false,"showFog":true,"showSkybox":true,"showFlares":true,"showImageEffects":true,"showParticleSystems":true,"showVisualEffectGraphs":true,"m_FxEnabled":true},"in2DMode":false,"pivot":{"x":4.500018119812012,"y":4.862412452697754,"z":-12.310884475708008},"rotation":{"x":-0.058394186198711398,"y":0.7269791960716248,"z":-0.062312036752700809,"w":-0.6813392043113709},"size":6.977488040924072,"orthographic":false}